{
    "version": 1,
    "models": {},
    "enums": {},
    "nonModels": {
        "NotificationResponse": {
            "name": "NotificationResponse",
            "fields": {
                "success": {
                    "name": "success",
                    "isArray": false,
                    "type": "Boolean",
                    "isRequired": true,
                    "attributes": []
                },
                "message": {
                    "name": "message",
                    "isArray": false,
                    "type": "String",
                    "isRequired": false,
                    "attributes": []
                }
            }
        }
    },
    "mutations": {
        "sendHeartbeatNotification": {
            "name": "sendHeartbeatNotification",
            "isArray": false,
            "type": {
                "nonModel": "NotificationResponse"
            },
            "isRequired": false,
            "arguments": {
                "recipientEmail": {
                    "name": "recipientEmail",
                    "isArray": false,
                    "type": "String",
                    "isRequired": true
                },
                "link": {
                    "name": "link",
                    "isArray": false,
                    "type": "String",
                    "isRequired": true
                },
                "subject": {
                    "name": "subject",
                    "isArray": false,
                    "type": "String",
                    "isRequired": true
                },
                "messageBody": {
                    "name": "messageBody",
                    "isArray": false,
                    "type": "String",
                    "isRequired": true
                }
            }
        }
    }
}