{
    "version": 1,
    "models": {},
    "enums": {},
    "nonModels": {},
    "mutations": {
        "sendHeartbeatNotification": {
            "name": "sendHeartbeatNotification",
            "isArray": false,
            "type": "String",
            "isRequired": false,
            "arguments": {
                "recipientEmail": {
                    "name": "recipientEmail",
                    "isArray": false,
                    "type": "String",
                    "isRequired": false
                },
                "link": {
                    "name": "link",
                    "isArray": false,
                    "type": "String",
                    "isRequired": false
                },
                "subject": {
                    "name": "subject",
                    "isArray": false,
                    "type": "String",
                    "isRequired": false
                },
                "messageBody": {
                    "name": "messageBody",
                    "isArray": false,
                    "type": "String",
                    "isRequired": false
                }
            }
        }
    }
}